GEOID,community
17043841204,Glendale Heights
17043843500,NA
17043844902,Downers Grove
17043841112,Bloomingdale
17043846408,NA
17043846206,NA
17043840104,Wood Dale
17043845200,Hinsdale
17043840706,Elmhurst
17043846603,NA
17043841504,West Chicago
17043844901,Downers Grove
17043842800,Elmhurst
17043841901,Glen Ellyn
17043840910,Glendale Heights
17043840908,Glendale Heights
17043845802,Darien
17043843800,Villa Park
17043841902,Glen Ellyn
17043846315,Woodridge
17043846308,Woodridge
17043841323,Carol Stream
17043843302,Villa Park
17043842702,NA
17043846310,Woodridge
17043841313,West Chicago
17043846509,NA
17043841607,Warrenville
17043845805,Darien
17043845808,Woodridge
17043846522,NA
17043841315,Hanover Park
17043842200,Glen Ellyn
17043840802,Chicago
17043841503,West Chicago
17043845506,Westmont
17043843601,Villa Park
17043845402,Willowbrook
17043846507,NA
17043846515,NA
17043846207,NA
17043845300,Hinsdale
17043841705,Glen Ellyn
17043842703,NA
17043842400,Glen Ellyn
17043841325,Carol Stream
17043841605,West Chicago
17043843301,Villa Park
17043845810,Darien
17043842604,Winfield
17043842605,NA
17043840202,Itasca
17043841324,Carol Stream
17043841606,Warrenville
17043842601,Lisle
17043843000,Elmhurst
17043846314,Woodridge
17043846523,NA
17043841802,Winfield
17043841205,Carol Stream
17043846304,Woodridge
17043841102,Hanover Park
17043844401,Downers Grove
17043841209,Carol Stream
17043841312,West Chicago
17043846701,Elmhurst
17043840000,Chicago
17043845807,Darien
17043846305,Woodridge
17043841604,Warrenville
17043842500,NA
17043843602,NA
17043840801,Chicago
17043846103,Lisle
17043846702,Villa Park
17043844202,NA
17043841704,Carol Stream
17043841322,Hanover Park
17043844701,Westmont
17043845507,Darien
17043842710,Glen Ellyn
17043842704,Glen Ellyn
17043845509,Westmont
17043844305,Downers Grove
17043846409,NA
17043844306,Oakbrook Terrace
17043840901,Itasca
17043840904,Glendale Heights
17043841310,Wayne
17043840600,Elmhurst
17043842706,Downers Grove
17043841403,Winfield
17043846405,Warrenville
17043841401,West Chicago
17043843700,Villa Park
17043845811,Darien
17043844304,Glen Ellyn
17043842100,Glen Ellyn
17043842300,Glen Ellyn
17043846504,NA
17043842603,Winfield
17043845803,Woodridge
17043844801,Downers Grove
17043845000,Westmont
17043843900,Elmhurst
17043842900,Elmhurst
17043843100,Villa Park
17043841208,Carol Stream
17043841706,Glen Ellyn
17043841801,Carol Stream
17043840102,Wood Dale
17043841113,Bloomingdale
17043845702,Downers Grove
17043844402,Oak Brook
17043841110,Bloomingdale
17043841109,Bloomingdale
17043845701,Downers Grove
17043841003,Itasca
17043841207,Glendale Heights
17043841210,Carol Stream
17043846311,Woodridge
17043841316,NA
17043844502,Oak Brook
17043846203,NA
17043846312,Lisle
17043846313,Woodridge
17043844100,Elmhurst
17043840103,Wood Dale
17043846201,NA
17043841703,Carol Stream
17043846510,NA
17043845902,Burr Ridge
17043844301,Downers Grove
17043845505,Darien
17043846410,NA
17043844001,Elmhurst
17043840705,Elmhurst
17043845901,Burr Ridge
17043841404,Winfield
17043840906,NA
17043841308,Wayne
17043841501,West Chicago
17043841111,Bloomingdale
17043841004,NA
17043844601,Oak Brook
17043844602,Oak Brook
17043841326,West Chicago
17043840907,Bloomingdale
17043844501,Oakbrook Terrace
17043845704,Downers Grove
17043845510,Westmont
17043841104,Schaumburg
17043844201,Glen Ellyn
17043846208,NA
17043846004,Lisle
17043846307,Woodridge
17043846209,NA
17043840703,Elmhurst
17043846518,NA
17043842708,Glen Ellyn
17043846002,Downers Grove
17043840303,NA
17043845401,Burr Ridge
17043846513,NA
17043840911,Glendale Heights
17043842602,NA
17043841320,Hanover Park
17043843400,NA
17043846404,NA
17043846102,Lisle
17043844802,Downers Grove
17043846003,Lisle
17043842709,Downers Grove
17043846202,Lisle
17043841108,Hanover Park
17043845703,Downers Grove
17043840704,Elmhurst
17043846413,Warrenville
17043846604,NA
17043843200,Villa Park
17043845602,Downers Grove
17043845809,Woodridge
17043844002,Elmhurst
17043841114,Bloomingdale
17043845100,Clarendon Hills
17043841318,Hanover Park
17043845502,Willowbrook
17043844307,Villa Park
17043844702,Hinsdale
17043845508,Willowbrook
17043846514,NA
17043846524,NA
17043842711,Lisle
17043840201,Itasca
17043846411,Warrenville
17043841307,Carol Stream
17043846412,NA
17043846519,NA
17043846106,Lisle
17043841103,Bloomingdale
17043846105,NA
17043846205,Lisle
17043841314,Hanover Park
17043841206,Carol Stream
17043842000,Glen Ellyn
17043845601,Downers Grove
17043840101,Wood Dale
17043846517,NA
17043846511,NA
17043841603,Warrenville
17043840304,NA
17043841002,Bloomingdale
17043846104,Lisle
17043841327,Wayne
17043841321,Hanover Park
17043846521,NA
17089851909,Elgin
17089851101,Elgin
17089853200,NA
17089853005,NA
17089853400,NA
17089852803,NA
17089850302,Carpentersville
17089853007,NA
17089853006,NA
17089850105,Algonquin
17089851102,Elgin
17089854900,Elgin
17089854200,NA
17089853500,NA
17089851301,Elgin
17089853004,North Aurora
17089852402,Campton Hills
17089852002,St. Charles
17089850201,Carpentersville
17089850600,Elgin
17089851400,Elgin
17089851000,Elgin
17089852102,St. Charles
17089853900,NA
17089854800,Geneva
17089852201,St. Charles
17089854503,Sugar Grove
17089852904,NA
17089854001,Montgomery
17089854700,NA
17089853100,NA
17089852906,North Aurora
17089851905,Elgin
17089852903,NA
17089852401,Campton Hills
17089851908,Elgin
17089854504,Sugar Grove
17089852300,St. Charles
17089852403,Big Rock
17089850400,East Dundee
17089854501,Elburn
17089850500,West Dundee
17089850701,Elgin
17089853008,North Aurora
17089850101,Barrington Hills
17089852905,North Aurora
17089854302,Montgomery
17089854600,Elgin
17089852808,North Aurora
17089852806,North Aurora
17089851910,Elgin
17089850103,West Dundee
17089854400,Montgomery
17089852601,Geneva
17089852700,NA
17089851801,South Elgin
17089853300,NA
17089853600,NA
17089852807,North Aurora
17089854100,Montgomery
17089852805,North Aurora
17089852500,Geneva
17089853001,North Aurora
17089852001,Wayne
17089852907,NA
17089850703,Burlington
17089850702,Hampshire
17089850301,Carpentersville
17089851500,Elgin
17089852101,South Elgin
17089850202,Carpentersville
17089851904,Elgin
17089852003,St. Charles
17089850106,Carpentersville
17089854002,Montgomery
17089851600,Elgin
17089851907,South Elgin
17089852202,St. Charles
17089851302,Elgin
17089854301,NA
17089850800,Elgin
17089852606,Geneva
17093890301,Oswego
17093890600,Yorkville
17093890302,Oswego
17093890102,Oswego
17093890500,Yorkville
17093890201,Montgomery
17093890400,Yorkville
17093890202,Montgomery
17093890101,Oswego
17093890700,Plainfield
17097864516,Buffalo Grove
17097865600,Highland Park
17097865802,Highland Park
17097863201,North Chicago
17097862800,North Chicago
17097860500,Zion
17097864517,Long Grove
17097861303,Round Lake Heights
17097862501,NA
17097863005,North Chicago
17097861701,Beach Park
17097860400,Beach Park
17097865502,Highland Park
17097862700,North Chicago
17097863604,NA
17097864520,Buffalo Grove
17097861301,Round Lake Heights
17097864904,Deerfield
17097863004,North Chicago
17097864901,Deerfield
17097863006,North Chicago
17097860302,Zion
17097861902,Gurnee
17097862902,North Chicago
17097864510,Mundelein
17097862605,Park City
17097861304,Round Lake
17097862502,North Chicago
17097863003,North Chicago
17097861702,NA
17097865700,Highland Park
17097864001,Mundelein
17097864522,Lincolnshire
17097861105,Grayslake
17097861804,NA
17097866100,NA
17097865801,Highland Park
17097865300,Highland Park
17097860805,Fox Lake
17097860809,Antioch
17097864308,Barrington
17097865400,Highland Park
17097864204,Wauconda
17097861108,Grayslake
17097860301,Zion
17097862000,NA
17097864512,Long Grove
17097861607,Grayslake
17097861202,Grayslake
17097861011,Lake Villa
17097864521,Lincolnshire
17097862901,North Chicago
17097863202,Lake Bluff
17097864513,Vernon Hills
17097861604,Old Mill Creek
17097864205,Wauconda
17097861610,Gurnee
17097864107,Mundelein
17097864408,Lake Zurich
17097864801,Bannockburn
17097860904,Lakemoor
17097861402,Round Lake
17097861010,Lake Villa
17097864412,Deer Park
17097864515,Long Grove
17097863904,Vernon Hills
17097860808,Fox Lake
17097864511,Long Grove
17097864306,Lake Barrington
17097862100,NA
17097863903,Vernon Hills
17097864002,Mundelein
17097864101,Grayslake
17097861609,Gurnee
17097860104,Winthrop Harbor
17097860200,Zion
17097860810,Antioch
17097860905,Fox Lake
17097864206,Wauconda
17097864303,Lake Barrington
17097862300,North Chicago
17097864403,Long Grove
17097861611,Gurnee
17097864402,Hawthorn Woods
17097864410,Lake Zurich
17097864505,Riverwoods
17097863801,Mettawa
17097861106,Grayslake
17097864203,Island Lake
17097860600,Beach Park
17097865200,Highwood
17097861509,Gurnee
17097861508,Gurnee
17097864602,Lake Forest
17097865000,Lake Forest
17097862200,NA
17097863701,Green Oaks
17097860101,Zion
17097861009,Lindenhurst
17097861014,Lindenhurst
17097864601,Lake Forest
17097863400,Lake Forest
17097862401,NA
17097862402,NA
17097862603,Gurnee
17097864407,Hawthorn Woods
17097861603,Gurnee
17097861803,Beach Park
17097863300,Lake Bluff
17097864519,Buffalo Grove
17097861007,Lindenhurst
17097864700,Highland Park
17097866200,Mettawa
17097861013,Lake Villa
17097861504,Park City
17097864409,Lake Zurich
17097860103,Winthrop Harbor
17097861403,Round Lake
17097864802,Riverwoods
17097861008,Lindenhurst
17097861107,Grayslake
17097861201,Round Lake Park
17097863601,Green Oaks
17097864411,Deer Park
17097864518,Buffalo Grove
17097863100,North Chicago
17097861404,Round Lake Park
17097861510,Gurnee
17097861608,Gurnee
17097861901,Beach Park
17097865501,Highland Park
17097863902,Vernon Hills
17097861506,Gurnee
17097864514,Vernon Hills
17097861505,Gurnee
17097860811,Antioch
17097860903,Fox Lake
17097861507,Gurnee
17097860807,Fox Lake
17097860806,Antioch
17097866000,Old Mill Creek
17097864108,Mundelein
17097862604,Park City
17097864106,Mundelein
17097864305,Lake Barrington
17097864105,Mundelein
17097863603,Mundelein
17097861012,Lake Villa
17097864307,Barrington Hills
17097863702,Green Oaks
17097860906,Round Lake
17097863500,Lake Forest
17097864903,Deerfield
17097990000,NA
17111871107,Algonquin
17111871003,Marengo
17111871305,Cary
17111871207,Lake in the Hills
17111871109,Lake in the Hills
17111871202,Crystal Lake
17111871208,Crystal Lake
17111871404,Algonquin
17111870301,Harvard
17111871106,Lakewood
17111871205,Lake in the Hills
17111870102,Spring Grove
17111870811,Holiday Hills
17111870703,Johnsburg
17111870603,Johnsburg
17111870803,Bull Valley
17111870903,Bull Valley
17111871201,Crystal Lake
17111871600,Cary
17111871105,Crystal Lake
17111870812,Island Lake
17111871306,Crystal Lake
17111871206,Algonquin
17111871301,Crystal Lake
17111870905,NA
17111871500,Huntley
17111870606,NA
17111871310,Algonquin
17111871311,Algonquin
17111871004,Marengo
17111870401,Wonder Lake
17111871104,Huntley
17111870809,Prairie Grove
17111870604,Johnsburg
17111870402,Bull Valley
17111870302,Harvard
17111870704,Johnsburg
17111870904,NA
17111871108,Lake in the Hills
17111870807,Crystal Lake
17111870702,Lakemoor
17111871304,Cary
17111870500,Wonder Lake
17111870808,Crystal Lake
17111871209,Lake in the Hills
17111870810,Prairie Grove
17111870605,NA
17111870200,Harvard
17111871402,Barrington Hills
17111870902,Crystal Lake
17111870101,Hebron
17111871307,Cary
17197883209,NA
17197880105,NA
17197883305,NA
17197880111,NA
17197880503,Romeoville
17197883519,Mokena
17197880601,NA
17197880507,Romeoville
17197883605,NA
17197883511,Tinley Park
17197880412,NA
17197883810,Steger
17197883700,Steger
17197880112,Woodridge
17197881111,NA
17197882802,NA
17197883216,Shorewood
17197883903,NA
17197882300,NA
17197880116,NA
17197881006,Homer Glen
17197880309,NA
17197883206,NA
17197881500,NA
17197881900,NA
17197883603,Park Forest
17197882801,NA
17197883208,NA
17197880905,NA
17197880115,NA
17197883214,Shorewood
17197880203,Romeoville
17197882701,NA
17197880106,NA
17197883303,NA
17197883509,NA
17197880701,NA
17197881116,Mokena
17197881601,NA
17197882702,NA
17197880113,NA
17197980100,NA
17197880114,NA
17197881800,NA
17197881700,NA
17197881011,Homer Glen
17197883804,Steger
17197883401,NA
17197883904,NA
17197883803,Park Forest
17197884003,Braidwood
17197880505,Romeoville
17197881402,NA
17197880312,NA
17197883510,NA
17197880411,Plainfield
17197881200,NA
17197882200,NA
17197880119,NA
17197880404,Plainfield
17197881002,Homer Glen
17197881107,NA
17197881112,NA
17197880202,Romeoville
17197883514,Tinley Park
17197881001,Homer Glen
17197884101,Romeoville
17197883515,Mokena
17197880420,Plainfield
17197883100,NA
17197881010,Homer Glen
17197881302,NA
17197882100,NA
17197883808,NA
17197884006,NA
17197883306,Elwood
17197883210,Shorewood
17197883902,Beecher
17197880415,Plainfield
17197880414,NA
17197880303,NA
17197880305,NA
17197980000,Elwood
17197880118,Woodridge
17197881113,NA
17197883806,NA
17197881108,NA
17197880314,Plainfield
17197883212,Shorewood
17197880304,NA
17197883516,Mokena
17197881012,Homer Glen
17197883602,Monee
17197883507,NA
17197880410,Romeoville
17197883811,Steger
17197882000,NA
17197883521,Mokena
17197881603,NA
17197882900,NA
17197883505,Matteson
17197880418,NA
17197882602,NA
17197880903,NA
17197880502,Romeoville
17197883504,NA
17197883215,Shorewood
17197880419,Plainfield
17197884005,NA
17197882601,NA
17197883606,Monee
17197884004,Braidwood
17197881105,Mokena
17197883513,Mokena
17197883809,NA
17197880204,Romeoville
17197880306,NA
17197882400,NA
17197880408,Romeoville
17197880421,Plainfield
17197880107,NA
17197883517,Mokena
17197881604,NA
17197880416,NA
17197883211,Shorewood
17197880313,Oswego
17197880117,Woodridge
17197880310,Plainfield
17197881301,NA
17197881115,NA
17197881007,Homer Glen
17197880307,NA
17197884103,Romeoville
17197881401,NA
17197880121,Romeoville
17197883307,Elwood
17197883304,Symerton
17197881109,NA
17197880602,NA
17197880901,Romeoville
17197880308,Plainfield
17197881005,Homer Glen
17197883522,Mokena
17197880109,Woodridge
17197883213,Shorewood
17197880417,Plainfield
17197882500,NA
17197881009,NA
17197880702,NA
17197883000,NA
17197883402,Diamond
17197880120,NA
17031807500,Skokie
17031440300,CHATHAM
17031480300,CALUMET HEIGHTS
17031803605,Palatine
17031060900,LAKE VIEW
17031063302,LAKE VIEW
17031650100,WEST LAWN
17031040300,LINCOLN SQUARE
17031081000,NEAR NORTH SIDE
17031081100,NEAR NORTH SIDE
17031283800,NEAR WEST SIDE
17031460302,SOUTH CHICAGO
17031440101,CHATHAM
17031010300,ROGERS PARK
17031805107,Arlington Heights
17031260100,WEST GARFIELD PARK
17031431200,SOUTH SHORE
17031300800,SOUTH LAWNDALE
17031300900,SOUTH LAWNDALE
17031827802,South Holland
17031071200,LINCOLN PARK
17031260700,WEST GARFIELD PARK
17031821700,Evergreen Park
17031220602,LOGAN SQUARE
17031242300,WEST TOWN
17031837800,NEAR WEST SIDE
17031410700,HYDE PARK
17031490300,ROSELAND
17031840800,SOUTH LAWNDALE
17031040202,LINCOLN SQUARE
17031222200,LOGAN SQUARE
17031421200,WOODLAWN
17031200100,HERMOSA
17031200200,HERMOSA
17031832900,NEAR WEST SIDE
17031070101,LINCOLN PARK
17031292200,NORTH LAWNDALE
17031170300,DUNNING
17031191100,BELMONT CRAGIN
17031191301,BELMONT CRAGIN
17031081900,NEAR NORTH SIDE
17031810502,Norridge
17031222600,LOGAN SQUARE
17031010701,ROGERS PARK
17031832000,LAKE VIEW
17031806003,Park Ridge
17031821102,Burbank
17031821300,Blue Island
17031390200,KENWOOD
17031660900,CHICAGO LAWN
17031670900,WEST ENGLEWOOD
17031711500,AUBURN GRESHAM
17031770601,Des Plaines
17031420100,WOODLAWN
17031140702,ALBANY PARK
17031210501,AVONDALE
17031221200,LOGAN SQUARE
17031825802,Calumet City
17031283200,NEAR WEST SIDE
17031825900,Calumet City
17031815300,Berwyn
17031031501,UPTOWN
17031260500,WEST GARFIELD PARK
17031760801,OHARE
17031040402,LINCOLN SQUARE
17031050700,NORTH CENTER
17031841200,LOWER WEST SIDE
17031080400,NEAR NORTH SIDE
17031612000,NEW CITY
17031803010,Buffalo Grove
17031804611,Schaumburg
17031630800,GAGE PARK
17031834200,SOUTH SHORE
17031840400,MCKINLEY PARK
17031580600,BRIGHTON PARK
17031816402,Melrose Park
17031819801,Western Springs
17031140800,ALBANY PARK
17031831200,HERMOSA
17031835200,GARFIELD RIDGE
17031640400,CLEARING
17031806400,Des Plaines
17031805401,Niles
17031120100,FOREST GLEN
17031161000,IRVING PARK
17031814000,Cicero
17031810400,Park Ridge
17031814500,Cicero
17031020802,WEST RIDGE
17031806001,Niles
17031670500,WEST ENGLEWOOD
17031241100,WEST TOWN
17031832100,LAKE VIEW
17031440600,CHATHAM
17031827902,Lansing
17031160100,IRVING PARK
17031251100,AUSTIN
17031221000,LOGAN SQUARE
17031816900,Bellwood
17031040201,LINCOLN SQUARE
17031151001,PORTAGE PARK
17031630400,GAGE PARK
17031839900,BRIDGEPORT
17031804309,Streamwood
17031241500,WEST TOWN
17031590600,MCKINLEY PARK
17031110200,JEFFERSON PARK
17031420700,WOODLAWN
17031570400,ARCHER HEIGHTS
17031060400,LAKE VIEW
17031806700,Skokie
17031030900,EDGEWATER
17031811900,River Forest
17031818700,Brookfield
17031490800,ROSELAND
17031310200,LOWER WEST SIDE
17031060800,LAKE VIEW
17031063100,LAKE VIEW
17031730400,WASHINGTON HEIGHTS
17031812700,Oak Park
17031420400,WOODLAWN
17031060300,LAKE VIEW
17031140400,ALBANY PARK
17031807300,Skokie
17031440201,CHATHAM
17031750300,MORGAN PARK
17031061800,LAKE VIEW
17031062400,LAKE VIEW
17031700301,ASHBURN
17031824400,Crestwood
17031530502,WEST PULLMAN
17031818900,La Grange Park
17031834300,AVALON PARK
17031251000,AUSTIN
17031829302,Chicago Heights
17031980100,GARFIELD RIDGE
17031051100,NORTH CENTER
17031252000,AUSTIN
17031010502,ROGERS PARK
17031430900,SOUTH SHORE
17031431302,SOUTH SHORE
17031480200,CALUMET HEIGHTS
17031320400,LOOP
17031830800,LINCOLN SQUARE
17031050300,NORTH CENTER
17031050800,NORTH CENTER
17031821800,Evergreen Park
17031030300,EDGEWATER
17031842500,GREATER GRAND CROSSING
17031250800,AUSTIN
17031815800,Brookfield
17031805802,Park Ridge
17031805902,Park Ridge
17031020400,WEST RIDGE
17031804806,Hanover Park
17031834000,ROSELAND
17031710300,AUBURN GRESHAM
17031809900,Evanston
17031825304,Tinley Park
17031611100,NEW CITY
17031811302,Melrose Park
17031832300,LOGAN SQUARE
17031840100,BRIDGEPORT
17031220702,LOGAN SQUARE
17031190601,BELMONT CRAGIN
17031671300,WEST ENGLEWOOD
17031271800,EAST GARFIELD PARK
17031825504,Hazel Crest
17031671900,WEST ENGLEWOOD
17031271500,EAST GARFIELD PARK
17031070500,LINCOLN PARK
17031818100,Westchester
17031340500,ARMOUR SQUARE
17031808002,Lincolnwood
17031825200,Oak Forest
17031809700,Evanston
17031805701,Park Ridge
17031813801,Cicero
17031240800,WEST TOWN
17031241600,WEST TOWN
17031691300,GREATER GRAND CROSSING
17031190200,BELMONT CRAGIN
17031691400,GREATER GRAND CROSSING
17031827400,Harvey
17031062000,LAKE VIEW
17031829402,Park Forest
17031710900,AUBURN GRESHAM
17031540101,RIVERDALE
17031730100,WASHINGTON HEIGHTS
17031031100,UPTOWN
17031770800,Schiller Park
17031810900,Elmwood Park
17031190402,BELMONT CRAGIN
17031220300,LOGAN SQUARE
17031221600,LOGAN SQUARE
17031819802,Western Springs
17031340600,ARMOUR SQUARE
17031400300,WASHINGTON PARK
17031829000,Chicago Heights
17031838300,NEAR NORTH SIDE
17031020200,WEST RIDGE
17031580200,BRIGHTON PARK
17031260800,WEST GARFIELD PARK
17031805301,Morton Grove
17031821101,Burbank
17031561100,GARFIELD RIDGE
17031580502,BRIGHTON PARK
17031820000,Hinsdale
17031803611,Palatine
17031834400,WOODLAWN
17031491400,ROSELAND
17031060200,LAKE VIEW
17031461000,SOUTH CHICAGO
17031802608,Prospect Heights
17031120300,FOREST GLEN
17031242200,WEST TOWN
17031090300,EDISON PARK
17031210400,AVONDALE
17031835100,GAGE PARK
17031081800,NEAR NORTH SIDE
17031660301,CHICAGO LAWN
17031063400,LAKE VIEW
17031301600,SOUTH LAWNDALE
17031843100,NORTH LAWNDALE
17031410500,HYDE PARK
17031410600,HYDE PARK
17031410800,HYDE PARK
17031171000,DUNNING
17031812801,Oak Park
17031431301,SOUTH SHORE
17031660302,CHICAGO LAWN
17031240300,WEST TOWN
17031831000,LOGAN SQUARE
17031815000,Berwyn
17031818200,Westchester
17031826500,Dolton
17031030500,EDGEWATER
17031833100,NEAR WEST SIDE
17031826600,Riverdale
17031827804,South Holland
17031841400,NORTH LAWNDALE
17031292500,NORTH LAWNDALE
17031252201,AUSTIN
17031843600,GRAND BOULEVARD
17031802607,Prospect Heights
17031430400,SOUTH SHORE
17031040600,LINCOLN SQUARE
17031824701,Midlothian
17031290900,NORTH LAWNDALE
17031221100,LOGAN SQUARE
17031611400,NEW CITY
17031050900,NORTH CENTER
17031815600,North Riverside
17031250400,AUSTIN
17031836500,OAKLAND
17031823602,Crestwood
17031160300,IRVING PARK
17031310300,LOWER WEST SIDE
17031031700,UPTOWN
17031071300,LINCOLN PARK
17031806102,Des Plaines
17031827805,South Holland
17031242000,WEST TOWN
17031804705,Hoffman Estates
17031071000,LINCOLN PARK
17031824702,Midlothian
17031805901,Des Plaines
17031081402,NEAR NORTH SIDE
17031420800,WOODLAWN
17031570300,ARCHER HEIGHTS
17031840000,BRIDGEPORT
17031630100,GAGE PARK
17031823002,Chicago Ridge
17031823101,Worth
17031310800,LOWER WEST SIDE
17031490902,ROSELAND
17031241300,WEST TOWN
17031241400,WEST TOWN
17031430300,SOUTH SHORE
17031221400,LOGAN SQUARE
17031230400,HUMBOLDT PARK
17031020902,WEST RIDGE
17031828402,Homewood
17031031502,UPTOWN
17031062500,LAKE VIEW
17031031400,UPTOWN
17031020302,WEST RIDGE
17031831900,LAKE VIEW
17031809200,Evanston
17031822801,Oak Lawn
17031813701,Cicero
17031813400,Cicero
17031430500,SOUTH SHORE
17031160700,IRVING PARK
17031381800,GRAND BOULEVARD
17031390100,KENWOOD
17031690400,GREATER GRAND CROSSING
17031805109,Arlington Heights
17031801603,Glenview
17031824300,Robbins
17031811200,River Grove
17031030604,EDGEWATER
17031809600,Evanston
17031420500,WOODLAWN
17031190602,BELMONT CRAGIN
17031820400,Summit
17031813302,Cicero
17031837400,EAST GARFIELD PARK
17031711000,AUBURN GRESHAM
17031836000,GRAND BOULEVARD
17031681100,ENGLEWOOD
17031252101,AUSTIN
17031063200,LAKE VIEW
17031351400,DOUGLAS
17031700200,ASHBURN
17031671800,WEST ENGLEWOOD
17031672000,WEST ENGLEWOOD
17031440202,CHATHAM
17031220902,LOGAN SQUARE
17031810000,Evanston
17031242400,WEST TOWN
17031190701,BELMONT CRAGIN
17031610800,NEW CITY
17031720600,BEVERLY
17031031000,UPTOWN
17031380500,GRAND BOULEVARD
17031500200,PULLMAN
17031081403,NEAR NORTH SIDE
17031301100,SOUTH LAWNDALE
17031670400,WEST ENGLEWOOD
17031010501,ROGERS PARK
17031806501,Des Plaines
17031020602,WEST RIDGE
17031081600,NEAR NORTH SIDE
17031230700,HUMBOLDT PARK
17031200402,HERMOSA
17031720300,BEVERLY
17031720500,BEVERLY
17031570200,ARCHER HEIGHTS
17031140601,ALBANY PARK
17031261000,WEST GARFIELD PARK
17031301803,SOUTH LAWNDALE
17031830100,Park Forest
17031817400,Maywood
17031062700,LAKE VIEW
17031720100,BEVERLY
17031770602,Des Plaines
17031020701,WEST RIDGE
17031430600,SOUTH SHORE
17031831400,AUSTIN
17031210700,AVONDALE
17031140701,ALBANY PARK
17031170700,DUNNING
17031839200,DOUGLAS
17031490901,ROSELAND
17031813000,Oak Park
17031816401,Melrose Park
17031400400,WASHINGTON PARK
17031804608,Schaumburg
17031681300,ENGLEWOOD
17031640300,CLEARING
17031060500,LAKE VIEW
17031063301,LAKE VIEW
17031803612,Arlington Heights
17031801300,Wilmette
17031051200,NORTH CENTER
17031804706,Hoffman Estates
17031390400,KENWOOD
17031820902,Burbank
17031291600,NORTH LAWNDALE
17031110300,JEFFERSON PARK
17031062600,LAKE VIEW
17031381900,GRAND BOULEVARD
17031824108,Orland Hills
17031301200,SOUTH LAWNDALE
17031251700,AUSTIN
17031805002,Mount Prospect
17031140500,ALBANY PARK
17031812200,Oak Park
17031815900,Forest Park
17031803200,Arlington Heights
17031802900,Arlington Heights
17031823806,Worth
17031280800,NEAR WEST SIDE
17031836400,OAKLAND
17031530300,WEST PULLMAN
17031811600,Schiller Park
17031081500,NEAR NORTH SIDE
17031030702,EDGEWATER
17031826402,Dolton
17031080100,NEAR NORTH SIDE
17031530400,WEST PULLMAN
17031810600,Harwood Heights
17031460600,SOUTH CHICAGO
17031350400,DOUGLAS
17031590700,MCKINLEY PARK
17031806600,Des Plaines
17031611500,NEW CITY
17031380700,GRAND BOULEVARD
17031823605,Palos Heights
17031081401,NEAR NORTH SIDE
17031242500,WEST TOWN
17031804610,Schaumburg
17031420600,WOODLAWN
17031813200,Oak Park
17031801100,Wilmette
17031821900,Evergreen Park
17031640700,CLEARING
17031720400,BEVERLY
17031801607,Glenview
17031380200,GRAND BOULEVARD
17031241200,WEST TOWN
17031730500,WASHINGTON HEIGHTS
17031805702,Park Ridge
17031190100,BELMONT CRAGIN
17031210900,AVONDALE
17031681000,ENGLEWOOD
17031230800,HUMBOLDT PARK
17031260200,WEST GARFIELD PARK
17031270500,EAST GARFIELD PARK
17031271300,EAST GARFIELD PARK
17031750400,MORGAN PARK
17031062200,LAKE VIEW
17031190702,BELMONT CRAGIN
17031530600,WEST PULLMAN
17031808001,Lincolnwood
17031837100,EAST GARFIELD PARK
17031611600,NEW CITY
17031340300,ARMOUR SQUARE
17031804808,Schaumburg
17031812302,Oak Park
17031031300,UPTOWN
17031839800,BRIDGEPORT
17031812600,Oak Park
17031150800,PORTAGE PARK
17031770400,Elk Grove Village
17031611700,NEW CITY
17031670800,WEST ENGLEWOOD
17031081700,NEAR NORTH SIDE
17031020801,WEST RIDGE
17031230500,HUMBOLDT PARK
17031430101,SOUTH SHORE
17031816300,Melrose Park
17031835600,FULLER PARK
17031804104,Hoffman Estates
17031240900,WEST TOWN
17031611000,NEW CITY
17031812100,Oak Park
17031840200,BRIDGEPORT
17031220601,LOGAN SQUARE
17031843300,NORTH LAWNDALE
17031821002,Burbank
17031351500,DOUGLAS
17031221300,LOGAN SQUARE
17031802801,Arlington Heights
17031825801,Calumet City
17031822802,Oak Lawn
17031221500,LOGAN SQUARE
17031813100,Oak Park
17031251600,AUSTIN
17031210602,AVONDALE
17031836600,HUMBOLDT PARK
17031816600,Stone Park
17031640800,CLEARING
17031690300,GREATER GRAND CROSSING
17031813301,Cicero
17031813802,Cicero
17031808900,Evanston
17031151002,PORTAGE PARK
17031611300,NEW CITY
17031301802,SOUTH LAWNDALE
17031580400,BRIGHTON PARK
17031841700,SOUTH LAWNDALE
17031160602,IRVING PARK
17031822000,Hometown
17031061000,LAKE VIEW
17031280400,NEAR WEST SIDE
17031680500,ENGLEWOOD
17031828100,Lansing
17031140100,ALBANY PARK
17031802610,Mount Prospect
17031140602,ALBANY PARK
17031210601,AVONDALE
17031710600,AUBURN GRESHAM
17031243200,WEST TOWN
17031062100,LAKE VIEW
17031310500,LOWER WEST SIDE
17031231200,HUMBOLDT PARK
17031825700,Burnham
17031411200,HYDE PARK
17031800400,Winnetka
17031400800,WASHINGTON PARK
17031340400,ARMOUR SQUARE
17031010600,ROGERS PARK
17031580100,BRIGHTON PARK
17031150502,PORTAGE PARK
17031380100,GRAND BOULEVARD
17031830700,UPTOWN
17031812500,Oak Park
17031170200,DUNNING
17031440700,CHATHAM
17031700302,ASHBURN
17031826202,Calumet City
17031170800,DUNNING
17031810100,Evanston
17031292400,NORTH LAWNDALE
17031838700,NORTH LAWNDALE
17031817200,Maywood
17031829500,South Chicago Heights
17031030400,EDGEWATER
17031520100,EAST SIDE
17031835800,GRAND BOULEVARD
17031823805,Palos Hills
17031811000,Elmwood Park
17031806002,Des Plaines
17031260400,WEST GARFIELD PARK
17031063303,LAKE VIEW
17031660700,CHICAGO LAWN
17031520500,EAST SIDE
17031814300,Cicero
17031231100,HUMBOLDT PARK
17031600400,BRIDGEPORT
17031841100,ARMOUR SQUARE
17031830001,Matteson
17031671400,WEST ENGLEWOOD
17031630300,GAGE PARK
17031819700,La Grange
17031820605,Justice
17031390500,KENWOOD
17031560200,GARFIELD RIDGE
17031210800,AVONDALE
17031360200,OAKLAND
17031837300,EAST GARFIELD PARK
17031640100,CLEARING
17031831700,PORTAGE PARK
17031120200,FOREST GLEN
17031740400,MOUNT GREENWOOD
17031510200,SOUTH DEERING
17031805106,Arlington Heights
17031711100,AUBURN GRESHAM
17031841900,NEAR WEST SIDE
17031580300,BRIGHTON PARK
17031580501,BRIGHTON PARK
17031650200,WEST LAWN
17031100700,NORWOOD PARK
17031491300,ROSELAND
17031826700,Riverdale
17031823200,Alsip
17031813702,Cicero
17031809100,Evanston
17031813500,Cicero
17031828602,Homewood
17031081202,NEAR NORTH SIDE
17031630900,GAGE PARK
17031440102,CHATHAM
17031411000,HYDE PARK
17031827500,Harvey
17031170500,DUNNING
17031140302,ALBANY PARK
17031804509,Streamwood
17031151200,PORTAGE PARK
17031690900,GREATER GRAND CROSSING
17031061100,LAKE VIEW
17031200300,HERMOSA
17031020601,WEST RIDGE
17031843800,NEW CITY
17031301701,SOUTH LAWNDALE
17031814900,Berwyn
17031300700,SOUTH LAWNDALE
17031051400,NORTH CENTER
17031691200,GREATER GRAND CROSSING
17031823400,Blue Island
17031810200,Evanston
17031838200,NEAR WEST SIDE
17031250500,AUSTIN
17031812802,Oak Park
17031271400,EAST GARFIELD PARK
17031809500,Evanston
17031809800,Evanston
17031600700,BRIDGEPORT
17031301801,SOUTH LAWNDALE
17031030701,EDGEWATER
17031830400,Park Forest
17031280900,NEAR WEST SIDE
17031030706,EDGEWATER
17031450300,AVALON PARK
17031803016,Arlington Heights
17031710800,AUBURN GRESHAM
17031830003,Matteson
17031823901,Palos Park
17031222800,LOGAN SQUARE
17031833300,NEAR WEST SIDE
17031770201,Elk Grove Village
17031063000,LAKE VIEW
17031835700,GRAND BOULEVARD
17031813900,Cicero
17031807000,Skokie
17031801901,Glenview
17031242800,WEST TOWN
17031823302,Alsip
17031240200,WEST TOWN
17031260600,WEST GARFIELD PARK
17031420300,WOODLAWN
17031190300,BELMONT CRAGIN
17031805202,Glenview
17031330200,NEAR SOUTH SIDE
17031803702,Palatine
17031620400,WEST ELSDON
17031802100,Glenview
17031191000,BELMONT CRAGIN
17031170900,DUNNING
17031490600,ROSELAND
17031814400,Cicero
17031500100,PULLMAN
17031843900,WOODLAWN
17031150200,PORTAGE PARK
17031836200,HYDE PARK
17031251800,AUSTIN
17031310900,LOWER WEST SIDE
17031460700,SOUTH CHICAGO
17031805402,Niles
17031620100,WEST ELSDON
17031811301,Melrose Park
17031841600,NORTH LAWNDALE
17031805600,Park Ridge
17031010503,ROGERS PARK
17031841500,NORTH LAWNDALE
17031530501,WEST PULLMAN
17031804108,Schaumburg
17031050600,NORTH CENTER
17031060100,LAKE VIEW
17031210502,AVONDALE
17031640500,CLEARING
17031832400,LOGAN SQUARE
17031839100,LOOP
17031190800,BELMONT CRAGIN
17031826304,Dolton
17031160502,IRVING PARK
17031301702,SOUTH LAWNDALE
17031560400,GARFIELD RIDGE
17031808600,Glenview
17031815100,Berwyn
17031818300,Hillside
17031802802,Mount Prospect
17031390600,KENWOOD
17031480100,CALUMET HEIGHTS
17031805201,Glenview
17031811100,River Grove
17031600600,BRIDGEPORT
17031842900,NEAR WEST SIDE
17031841800,GREATER GRAND CROSSING
17031843200,LOWER WEST SIDE
17031320100,LOOP
17031831800,NORTH PARK
17031070200,LINCOLN PARK
17031803012,Arlington Heights
17031803606,Palatine
17031071500,LINCOLN PARK
17031800600,Kenilworth
17031824507,Tinley Park
17031810702,Elmwood Park
17031171100,DUNNING
17031804507,Bartlett
17031840700,SOUTH LAWNDALE
17031807200,Skokie
17031804511,Hanover Park
17031802505,Wheeling
17031804403,Elgin
17031805111,Mount Prospect
17031825400,Tinley Park
17031691100,GREATER GRAND CROSSING
17031824506,Oak Forest
17031824117,Tinley Park
17031803017,Arlington Heights
17031804308,Streamwood
17031040100,LINCOLN SQUARE
17031320600,LOOP
17031828601,Homewood
17031828701,Glenwood
17031071700,LINCOLN PARK
17031823801,Palos Park
17031282800,NEAR WEST SIDE
17031100100,NORWOOD PARK
17031831100,AVONDALE
17031170100,DUNNING
17031170400,DUNNING
17031191200,BELMONT CRAGIN
17031120400,FOREST GLEN
17031161200,IRVING PARK
17031030103,EDGEWATER
17031030603,EDGEWATER
17031830600,ROGERS PARK
17031020500,WEST RIDGE
17031818402,Westchester
17031460400,SOUTH CHICAGO
17031381500,GRAND BOULEVARD
17031824003,Lemont
17031243400,WEST TOWN
17031842100,HUMBOLDT PARK
17031821001,Burbank
17031822900,Bridgeview
17031822602,Oak Lawn
17031550100,HEGEWISCH
17031110100,JEFFERSON PARK
17031510300,SOUTH DEERING
17031827600,Markham
17031816800,Berkeley
17031839600,DOUGLAS
17031440800,CHATHAM
17031530200,WEST PULLMAN
17031828505,Lynwood
17031802504,Wheeling
17031640600,CLEARING
17031580700,BRIGHTON PARK
17031030800,EDGEWATER
17031823903,Palos Heights
17031550200,HEGEWISCH
17031802402,Wheeling
17031822301,Oak Lawn
17031804714,Hoffman Estates
17031660500,CHICAGO LAWN
17031803008,Arlington Heights
17031710100,AUBURN GRESHAM
17031110501,JEFFERSON PARK
17031660400,CHICAGO LAWN
17031160501,IRVING PARK
17031832600,LINCOLN PARK
17031040800,LINCOLN SQUARE
17031071100,LINCOLN PARK
17031823603,Robbins
17031827700,Hazel Crest
17031807800,Skokie
17031150401,PORTAGE PARK
17031170600,DUNNING
17031240500,WEST TOWN
17031610300,NEW CITY
17031220901,LOGAN SQUARE
17031802702,Mount Prospect
17031050200,NORTH CENTER
17031806802,Skokie
17031836800,EAST GARFIELD PARK
17031825503,Hazel Crest
17031805108,Mount Prospect
17031817700,Maywood
17031351000,DOUGLAS
17031410900,HYDE PARK
17031330100,NEAR SOUTH SIDE
17031823703,Bridgeview
17031802609,Prospect Heights
17031670200,WEST ENGLEWOOD
17031810501,Norridge
17031804201,Barrington Hills
17031061901,LAKE VIEW
17031030601,EDGEWATER
17031191302,BELMONT CRAGIN
17031671500,WEST ENGLEWOOD
17031818800,Brookfield
17031830201,Richton Park
17031251300,AUSTIN
17031611900,NEW CITY
17031833000,NEAR WEST SIDE
17031150300,PORTAGE PARK
17031750100,MORGAN PARK
17031842800,BRIGHTON PARK
17031620200,WEST ELSDON
17031252202,AUSTIN
17031650301,WEST LAWN
17031030703,EDGEWATER
17031160800,IRVING PARK
17031817102,Bellwood
17031817300,Maywood
17031817900,Broadview
17031802503,Wheeling
17031824121,Tinley Park
17031050100,NORTH CENTER
17031827300,Harvey
17031820502,Bridgeview
17031430700,SOUTH SHORE
17031824115,Orland Park
17031830007,Richton Park
17031670600,WEST ENGLEWOOD
17031031200,UPTOWN
17031804202,South Barrington
17031980000,OHARE
17031770902,Norridge
17031803607,Palatine
17031800900,Wilmette
17031710500,AUBURN GRESHAM
17031803400,Arlington Heights
17031824105,Orland Park
17031824505,Oak Forest
17031842000,DOUGLAS
17031818600,La Grange Park
17031828900,Chicago Heights
17031829100,Chicago Heights
17031812301,Oak Park
17031700402,ASHBURN
17031250600,AUSTIN
17031819000,La Grange Park
17031837000,EAST GARFIELD PARK
17031820300,Summit
17031801606,Northbrook
17031834900,WEST ENGLEWOOD
17031806801,Skokie
17031808100,Niles
17031820604,Justice
17031841000,NEAR SOUTH SIDE
17031835500,FULLER PARK
17031804809,Schaumburg
17031812400,Oak Park
17031819200,Lyons
17031802403,Wheeling
17031062900,LAKE VIEW
17031242900,WEST TOWN
17031823303,Alsip
17031804701,Hoffman Estates
17031829301,Chicago Heights
17031680900,ENGLEWOOD
17031804607,Elk Grove Village
17031805801,Park Ridge
17031070300,LINCOLN PARK
17031283100,NEAR WEST SIDE
17031800200,Glencoe
17031650400,WEST LAWN
17031730300,WASHINGTON HEIGHTS
17031500300,PULLMAN
17031801702,Northbrook
17031031900,UPTOWN
17031828504,Sauk Village
17031612100,NEW CITY
17031802004,Glenview
17031828201,Lansing
17031802300,Glenview
17031823704,Hickory Hills
17031130200,NORTH PARK
17031560300,GARFIELD RIDGE
17031671600,WEST ENGLEWOOD
17031230200,HUMBOLDT PARK
17031825505,Country Club Hills
17031811701,Franklin Park
17031838600,NORTH LAWNDALE
17031843000,NORTH LAWNDALE
17031825000,Oak Forest
17031820201,Burr Ridge
17031808400,Morton Grove
17031828202,Lansing
17031816200,Melrose Park
17031801902,Glenview
17031071600,LINCOLN PARK
17031817000,Bellwood
17031820103,Countryside
17031820700,Stickney
17031824122,Tinley Park
17031280100,NEAR WEST SIDE
17031661000,CHICAGO LAWN
17031801605,Northbrook
17031670300,WEST ENGLEWOOD
17031520600,EAST SIDE
17031051000,NORTH CENTER
17031051300,NORTH CENTER
17031070103,LINCOLN PARK
17031520200,EAST SIDE
17031520300,EAST SIDE
17031807400,Skokie
17031390700,KENWOOD
17031836100,WASHINGTON PARK
17031480400,CALUMET HEIGHTS
17031100500,NORWOOD PARK
17031080201,NEAR NORTH SIDE
17031080202,NEAR NORTH SIDE
17031700501,ASHBURN
17031430102,SOUTH SHORE
17031750500,MORGAN PARK
17031800700,Wilmette
17031800800,Northfield
17031821600,Evergreen Park
17031821402,Calumet Park
17031770202,Elk Grove Village
17031811500,Franklin Park
17031310600,LOWER WEST SIDE
17031480500,CALUMET HEIGHTS
17031804606,Elk Grove Village
17031804715,Hoffman Estates
17031803015,Arlington Heights
17031250300,AUSTIN
17031815200,Berwyn
17031838000,NEAR WEST SIDE
17031839000,LOOP
17031804510,Hanover Park
17031161100,IRVING PARK
17031161300,IRVING PARK
17031242100,WEST TOWN
17031827801,South Holland
17031836300,HYDE PARK
17031491200,ROSELAND
17031805110,Arlington Heights
17031230900,HUMBOLDT PARK
17031824602,Oak Forest
17031071800,LINCOLN PARK
17031824106,Orland Park
17031824004,Lemont
17031803902,Rolling Meadows
17031804105,Hoffman Estates
17031808500,Morton Grove
17031804902,Des Plaines
17031831600,MONTCLARE
17031842600,NEW CITY
17031835000,CHICAGO LAWN
17031804506,Bartlett
17031490400,ROSELAND
17031030101,EDGEWATER
17031822601,Oak Lawn
17031671100,WEST ENGLEWOOD
17031090100,EDISON PARK
17031828300,Thornton
17031090200,EDISON PARK
17031200401,HERMOSA
17031210100,AVONDALE
17031411100,HYDE PARK
17031823904,Palos Heights
17031243300,WEST TOWN
17031250200,AUSTIN
17031806502,Des Plaines
17031390300,KENWOOD
17031460500,SOUTH CHICAGO
17031804306,Streamwood
17031222500,LOGAN SQUARE
17031230300,HUMBOLDT PARK
17031820603,Justice
17031822102,Oak Lawn
17031600900,BRIDGEPORT
17031470100,BURNSIDE
17031809400,Evanston
17031813600,Cicero
17031809300,Evanston
17031310700,LOWER WEST SIDE
17031819400,Brookfield
17031351100,DOUGLAS
17031828506,Lynwood
17031825600,Markham
17031570500,ARCHER HEIGHTS
17031806104,Des Plaines
17031804404,Elgin
17031251400,AUSTIN
17031770700,Rosemont
17031710700,AUBURN GRESHAM
17031828802,Chicago Heights
17031821401,Calumet Park
17031530503,WEST PULLMAN
17031050500,NORTH CENTER
17031828801,Flossmoor
17031620300,WEST ELSDON
17031630200,GAGE PARK
17031801500,Northbrook
17031700401,ASHBURN
17031808301,Morton Grove
17031430200,SOUTH SHORE
17031740100,MOUNT GREENWOOD
17031814200,Cicero
17031826401,Dolton
17031803603,Inverness
17031160200,IRVING PARK
17031740200,MOUNT GREENWOOD
17031805105,Rolling Meadows
17031824006,Lemont
17031811401,Franklin Park
17031822400,Oak Lawn
17031040700,LINCOLN SQUARE
17031040900,LINCOLN SQUARE
17031843700,NORTH CENTER
17031803005,Arlington Heights
17031803604,Palatine
17031804709,Hoffman Estates
17031251900,AUSTIN
17031100600,NORWOOD PARK
17031031800,UPTOWN
17031807900,Lincolnwood
17031811402,Franklin Park
17031100300,NORWOOD PARK
17031829700,Chicago Heights
17031804901,Mount Prospect
17031822200,Oak Lawn
17031814600,Berwyn
17031020702,WEST RIDGE
17031681400,ENGLEWOOD
17031811702,Northlake
17031720700,BEVERLY
17031030200,EDGEWATER
17031803007,Arlington Heights
17031807100,Skokie
17031020901,WEST RIDGE
17031805501,Park Ridge
17031825303,Tinley Park
17031010201,ROGERS PARK
17031826100,Calumet City
17031240600,WEST TOWN
17031240700,WEST TOWN
17031804508,Streamwood
17031711300,AUBURN GRESHAM
17031711400,AUBURN GRESHAM
17031823604,Palos Heights
17031800100,Glencoe
17031540102,RIVERDALE
17031803901,Palatine
17031819600,La Grange
17031832200,LOGAN SQUARE
17031803701,Palatine
17031020100,WEST RIDGE
17031830008,Richton Park
17031830300,Park Forest
17031420200,WOODLAWN
17031680600,ENGLEWOOD
17031150402,PORTAGE PARK
17031150501,PORTAGE PARK
17031350100,DOUGLAS
17031410100,HYDE PARK
17031231500,HUMBOLDT PARK
17031830006,Matteson
17031823803,Palos Hills
17031814100,Cicero
17031825501,Country Club Hills
17031836900,EAST GARFIELD PARK
17031823304,Merrionette Park
17031160601,IRVING PARK
17031819500,La Grange
17031820501,Bedford Park
17031804310,Streamwood
17031804406,Elgin
17031281900,NEAR WEST SIDE
17031381400,GRAND BOULEVARD
17031760803,OHARE
17031260300,WEST GARFIELD PARK
17031720200,BEVERLY
17031801200,Wilmette
17031770901,Harwood Heights
17031081201,NEAR NORTH SIDE
17031828503,Sauk Village
17031820800,Forest View
17031820202,McCook
17031803300,Arlington Heights
17031815400,Berwyn
17031806201,Des Plaines
17031804106,Rolling Meadows
17031252102,AUSTIN
17031806202,Des Plaines
17031804109,Rolling Meadows
17031803800,Palatine
17031670700,WEST ENGLEWOOD
17031804102,Palatine
17031611800,NEW CITY
17031804711,Schaumburg
17031808702,Evanston
17031460100,SOUTH CHICAGO
17031730202,WASHINGTON HEIGHTS
17031660600,CHICAGO LAWN
17031660800,CHICAGO LAWN
17031825302,Oak Forest
17031829901,Tinley Park
17031630500,GAGE PARK
17031823705,Hickory Hills
17031801601,Northbrook
17031510100,SOUTH DEERING
17031650500,WEST LAWN
17031691500,GREATER GRAND CROSSING
17031834500,WASHINGTON PARK
17031800300,Winnetka
17031817500,Maywood
17031700502,ASHBURN
17031810302,Evanston
17031530100,WEST PULLMAN
17031824900,Markham
17031801800,Northfield
17031804713,Hoffman Estates
17031809000,Evanston
17031802200,Glenview
17031241000,WEST TOWN
17031710400,AUBURN GRESHAM
17031300600,SOUTH LAWNDALE
17031841300,LOWER WEST SIDE
17031806300,Des Plaines
17031220500,LOGAN SQUARE
17031804712,Schaumburg
17031431400,SOUTH SHORE
17031100400,NORWOOD PARK
17031830900,LOGAN SQUARE
17031190401,BELMONT CRAGIN
17031242600,WEST TOWN
17031242700,WEST TOWN
17031460200,SOUTH CHICAGO
17031160900,IRVING PARK
17031243000,WEST TOWN
17031826800,Dixmoor
17031830005,Olympia Fields
17031824800,Posen
17031830202,Park Forest
17031828702,Glenwood
17031808200,Niles
17031520400,EAST SIDE
17031836700,HUMBOLDT PARK
17031750200,MORGAN PARK
17031801701,Northbrook
17031061500,LAKE VIEW
17031062800,LAKE VIEW
17031827000,Harvey
17031833900,SOUTH CHICAGO
17031150600,PORTAGE PARK
17031590500,MCKINLEY PARK
17031760802,OHARE
17031828401,Homewood
17031822702,Oak Lawn
17031805502,Park Ridge
17031843500,SOUTH LAWNDALE
17031251200,AUSTIN
17031816100,Forest Park
17031827901,South Holland
17031681200,ENGLEWOOD
17031804807,Schaumburg
17031815702,Riverside
17031810701,Elmwood Park
17031819100,Lyons
17031814700,Berwyn
17031829902,Flossmoor
17031070400,LINCOLN PARK
17031804405,Elgin
17031817101,Bellwood
17031410200,HYDE PARK
17031490500,ROSELAND
17031819900,Western Springs
17031839700,BRIDGEPORT
17031061902,LAKE VIEW
17031843400,NORTH LAWNDALE
17031610400,NEW CITY
17031829401,Chicago Heights
17031061200,LAKE VIEW
17031830500,SOUTH LAWNDALE
17031834800,ENGLEWOOD
17031560100,GARFIELD RIDGE
17031820101,Burr Ridge
17031842300,WEST TOWN
17031804311,Hoffman Estates
17031823001,Chicago Ridge
17031802701,Mount Prospect
17031032100,UPTOWN
17031822302,Oak Lawn
17031740300,MOUNT GREENWOOD
17031160400,IRVING PARK
17031815701,Riverside
17031831500,BELMONT CRAGIN
17031802506,Wheeling
17031222900,LOGAN SQUARE
17031840300,MCKINLEY PARK
17031824114,Orland Park
17031030102,EDGEWATER
17031804803,Schaumburg
17031491000,ROSELAND
17031831300,AUSTIN
17031842200,NEAR NORTH SIDE
17031826201,Calumet City
17031816700,Northlake
17031804716,Hoffman Estates
17031110502,JEFFERSON PARK
17031820104,Countryside
17031806900,Skokie
17031802002,Glenview
17031829200,Chicago Heights
17031801000,Wilmette
17031828000,Lansing
17031839500,DOUGLAS
17031190900,BELMONT CRAGIN
17031824120,Orland Park
17031010400,ROGERS PARK
17031804505,Bartlett
17031770500,Elk Grove Village
17031808800,Evanston
17031803014,Wheeling
17031070102,LINCOLN PARK
17031130100,NORTH PARK
17031807700,Skokie
17031800500,Winnetka
17031838800,SOUTH DEERING
17031804609,Schaumburg
17031243100,WEST TOWN
17031826303,Dolton
17031814800,Berwyn
17031081300,NEAR NORTH SIDE
17031271200,EAST GARFIELD PARK
17031823702,Palos Hills
17031826902,Harvey
17031030104,EDGEWATER
17031460301,SOUTH CHICAGO
17031580800,BRIGHTON PARK
17031400500,WASHINGTON PARK
17031824116,Orland Park
17031220701,LOGAN SQUARE
17031282700,NEAR WEST SIDE
17031222700,LOGAN SQUARE
17031842400,CHATHAM
17031100200,NORWOOD PARK
17031010100,ROGERS PARK
17031835900,GRAND BOULEVARD
17031810301,Evanston
17031430800,SOUTH SHORE
17031818401,Hillside
17031310400,LOWER WEST SIDE
17031811800,Northlake
17031080300,NEAR NORTH SIDE
17031810800,Elmwood Park
17031560900,GARFIELD RIDGE
17031834700,ENGLEWOOD
17031824113,Orland Park
17031570100,ARCHER HEIGHTS
17031804804,Schaumburg
17031691000,GREATER GRAND CROSSING
17031826901,Harvey
17031070700,LINCOLN PARK
17031822701,Oak Lawn
17031611200,NEW CITY
17031804305,Streamwood
17031824107,Orland Park
17031730600,WASHINGTON HEIGHTS
17031824601,Midlothian
17031230600,HUMBOLDT PARK
17031180100,MONTCLARE
17031803500,Arlington Heights
17031829600,Steger
17031805112,Des Plaines
17031816500,Melrose Park
17031827100,Harvey
17031806004,Niles
17031832500,LINCOLN PARK
17031815500,Berwyn
17031804710,Schaumburg
17031560700,GARFIELD RIDGE
17031250700,AUSTIN
17031812000,River Forest
17031300500,SOUTH LAWNDALE
17031710200,AUBURN GRESHAM
17031140200,ALBANY PARK
17031150700,PORTAGE PARK
17031812900,Oak Park
17031802003,Glenview
17031816000,Forest Park
17031819300,Brookfield
17031770300,Elk Grove Village
17031805001,Mount Prospect
17031151100,PORTAGE PARK
17031808302,Morton Grove
17031801608,Northbrook
17031062300,LAKE VIEW
17031802404,Wheeling
17031820606,Willow Springs
17031804603,Schaumburg
17031440900,CHATHAM
17031661100,CHICAGO LAWN
17031804810,Schaumburg
17031700100,ASHBURN
17031805302,Morton Grove
17031830004,Matteson
17031838100,NEAR WEST SIDE
17031670100,WEST ENGLEWOOD
17031671200,WEST ENGLEWOOD
17031243500,WEST TOWN
17031010702,ROGERS PARK
17031750600,MORGAN PARK
17031823102,Worth
17031824123,Tinley Park
17031803013,Buffalo Grove
17031806103,Des Plaines
17031071400,LINCOLN PARK
17031824005,Lemont
17031140301,ALBANY PARK
17031070600,LINCOLN PARK
17031824119,Orland Park
17031230100,HUMBOLDT PARK
17031802605,Prospect Heights
17031818500,Westchester
17031820901,Bedford Park
17031490700,ROSELAND
17031818000,Broadview
17031491100,ROSELAND
17031650302,WEST LAWN
17031010202,ROGERS PARK
17031801400,Glenview
17031803610,Palatine
17031220400,LOGAN SQUARE
17031821500,Riverdale
17031251500,AUSTIN
17031381700,GRAND BOULEVARD
17031730201,WASHINGTON HEIGHTS
17031821200,Blue Island
17031040401,LINCOLN SQUARE
17031822101,Oak Lawn
17031824503,Crestwood
17031829800,Flossmoor
17031825803,Calumet City
17031291200,NORTH LAWNDALE
17031730700,WASHINGTON HEIGHTS
17031803608,Palatine
17031834600,ENGLEWOOD
17031381200,GRAND BOULEVARD
17031020301,WEST RIDGE
17031803100,Arlington Heights
17031690500,GREATER GRAND CROSSING
17031827200,South Holland
17031130300,NORTH PARK
17031807600,Skokie
17031826301,South Holland
17031822500,Oak Lawn
17031260900,WEST GARFIELD PARK
17031804805,Schaumburg
17031804000,Rolling Meadows
17031711200,AUBURN GRESHAM
17031561000,GARFIELD RIDGE
17031823500,Blue Island
17031817600,Maywood
17031560800,GARFIELD RIDGE
17031826000,Calumet City
17031110400,JEFFERSON PARK
17031990000,NA
17043841204,Glendale Heights
17043843500,Lombard
17043844902,Downers Grove
17043841112,Bloomingdale
17043846408,Aurora
17043846206,Naperville
17043840104,Addison
17043845200,Hinsdale
17043840706,Elmhurst
17043846603,Addison
17043841504,West Chicago
17043844901,Downers Grove
17043842800,Elmhurst
17043841901,Wheaton
17043840910,Glendale Heights
17043840908,Glendale Heights
17043845802,Darien
17043843800,Villa Park
17043841902,Wheaton
17043846315,Woodridge
17043846308,Woodridge
17043841323,Bartlett
17043843302,Lombard
17043842702,Wheaton
17043846310,Woodridge
17043841313,West Chicago
17043846509,Aurora
17043841607,Warrenville
17043845805,Darien
17043845808,Woodridge
17043846522,Naperville
17043841315,Hanover Park
17043842200,Glen Ellyn
17043840802,Bensenville
17043841503,West Chicago
17043845506,Westmont
17043843601,Lombard
17043845402,Willowbrook
17043846507,Aurora
17043846515,Aurora
17043846207,Naperville
17043845300,Hinsdale
17043841705,Glen Ellyn
17043842703,Wheaton
17043842400,Wheaton
17043841325,Carol Stream
17043841605,West Chicago
17043843301,Lombard
17043845810,Darien
17043842604,Wheaton
17043842605,Wheaton
17043840202,Addison
17043841324,Carol Stream
17043841606,Warrenville
17043842601,Wheaton
17043843000,Elmhurst
17043846314,Woodridge
17043846523,Naperville
17043841802,Wheaton
17043841205,Carol Stream
17043846304,Naperville
17043841102,Roselle
17043844401,Downers Grove
17043841209,Carol Stream
17043841312,West Chicago
17043846701,Addison
17043840000,OHARE
17043845807,Darien
17043846305,Woodridge
17043841604,Aurora
17043842500,Wheaton
17043843602,Lombard
17043840801,Bensenville
17043846103,Naperville
17043846702,Addison
17043844202,Lombard
17043841704,Carol Stream
17043841322,Hanover Park
17043844701,Westmont
17043845507,Darien
17043842710,Glen Ellyn
17043842704,Wheaton
17043845509,Westmont
17043844305,Lombard
17043846409,Aurora
17043844306,Oakbrook Terrace
17043840901,Itasca
17043840904,Glendale Heights
17043841310,Wayne
17043840600,Elmhurst
17043842706,Downers Grove
17043841403,Winfield
17043846405,Naperville
17043841401,West Chicago
17043843700,Villa Park
17043845811,Darien
17043844304,Lombard
17043842100,Glen Ellyn
17043842300,Glen Ellyn
17043846504,Naperville
17043842603,Wheaton
17043845803,Woodridge
17043844801,Downers Grove
17043845000,Westmont
17043843900,Elmhurst
17043842900,Elmhurst
17043843100,Villa Park
17043841208,Carol Stream
17043841706,Lombard
17043841801,Wheaton
17043840102,Wood Dale
17043841113,Bloomingdale
17043845702,Downers Grove
17043844402,Oak Brook
17043841110,Bloomingdale
17043841109,Bloomingdale
17043845701,Downers Grove
17043841003,Roselle
17043841207,Glendale Heights
17043841210,Carol Stream
17043846311,Woodridge
17043841316,Bartlett
17043844502,Oak Brook
17043846203,Naperville
17043846312,Lisle
17043846313,Woodridge
17043844100,Elmhurst
17043840103,Wood Dale
17043846201,Naperville
17043841703,Carol Stream
17043846510,Aurora
17043845902,Burr Ridge
17043844301,Lombard
17043845505,Darien
17043846410,Naperville
17043844001,Elmhurst
17043840705,Elmhurst
17043845901,Burr Ridge
17043841404,Winfield
17043840906,Addison
17043841308,Bartlett
17043841501,West Chicago
17043841111,Bloomingdale
17043841004,Roselle
17043844601,Oak Brook
17043844602,Oak Brook
17043841326,West Chicago
17043840907,Bloomingdale
17043844501,Oakbrook Terrace
17043845704,Downers Grove
17043845510,Westmont
17043841104,Roselle
17043844201,Lombard
17043846208,Naperville
17043846004,Lisle
17043846307,Woodridge
17043846209,Naperville
17043840703,Bensenville
17043846518,Aurora
17043842708,Glen Ellyn
17043846002,Downers Grove
17043840303,Addison
17043845401,Burr Ridge
17043846513,Aurora
17043840911,Glendale Heights
17043842602,Wheaton
17043841320,Hanover Park
17043843400,Lombard
17043846404,Naperville
17043846102,Lisle
17043844802,Downers Grove
17043846003,Lisle
17043842709,Lombard
17043846202,Lisle
17043841108,Hanover Park
17043845703,Downers Grove
17043840704,Bensenville
17043846413,Naperville
17043846604,Addison
17043843200,Villa Park
17043845602,Downers Grove
17043845809,Woodridge
17043844002,Elmhurst
17043841114,Bloomingdale
17043845100,Clarendon Hills
17043841318,Bartlett
17043845502,Willowbrook
17043844307,Villa Park
17043844702,Hinsdale
17043845508,Willowbrook
17043846514,Aurora
17043846524,Naperville
17043842711,Wheaton
17043840201,Itasca
17043846411,Naperville
17043841307,Carol Stream
17043846412,Naperville
17043846519,Naperville
17043846106,Naperville
17043841103,Roselle
17043846105,Naperville
17043846205,Naperville
17043841314,Bartlett
17043841206,Carol Stream
17043842000,Glen Ellyn
17043845601,Downers Grove
17043840101,Wood Dale
17043846517,Aurora
17043846511,Aurora
17043841603,Warrenville
17043840304,Addison
17043841002,Bloomingdale
17043846104,Lisle
17043841327,Bartlett
17043841321,Bartlett
17043846521,Naperville
17089851909,Elgin
17089851101,Elgin
17089853200,Aurora
17089853005,Aurora
17089853400,Aurora
17089852803,Batavia
17089850302,Carpentersville
17089853007,Aurora
17089853006,Aurora
17089850105,Algonquin
17089851102,Elgin
17089854900,Elgin
17089854200,Aurora
17089853500,Aurora
17089851301,Elgin
17089853004,North Aurora
17089852402,Campton Hills
17089852002,St. Charles
17089850201,Carpentersville
17089850600,Elgin
17089851400,Elgin
17089851000,Elgin
17089852102,St. Charles
17089853900,Aurora
17089854800,Geneva
17089852201,St. Charles
17089854503,Sugar Grove
17089852904,Aurora
17089854001,Aurora
17089854700,Aurora
17089853100,Aurora
17089852906,Aurora
17089851905,Elgin
17089852903,Aurora
17089852401,Campton Hills
17089851908,Elgin
17089854504,Sugar Grove
17089852300,St. Charles
17089852403,Big Rock
17089850400,East Dundee
17089854501,Elburn
17089850500,West Dundee
17089850701,Elgin
17089853008,Aurora
17089850101,Barrington Hills
17089852905,Aurora
17089854302,Aurora
17089854600,Elgin
17089852808,Batavia
17089852806,Batavia
17089851910,Elgin
17089850103,West Dundee
17089854400,Aurora
17089852601,Geneva
17089852700,Batavia
17089851801,South Elgin
17089853300,Aurora
17089853600,Aurora
17089852807,Batavia
17089854100,Aurora
17089852805,North Aurora
17089852500,Geneva
17089853001,Aurora
17089852001,Wayne
17089852907,Aurora
17089850703,Burlington
17089850702,Hampshire
17089850301,Carpentersville
17089851500,Elgin
17089852101,South Elgin
17089850202,Carpentersville
17089851904,Elgin
17089852003,St. Charles
17089850106,Carpentersville
17089854002,Montgomery
17089851600,Elgin
17089851907,South Elgin
17089852202,St. Charles
17089851302,Elgin
17089854301,Aurora
17089850800,Elgin
17089852606,Geneva
17093890301,Oswego
17093890600,Yorkville
17093890302,Oswego
17093890102,Oswego
17093890500,Plano
17093890201,Montgomery
17093890400,Yorkville
17093890202,Montgomery
17093890101,Oswego
17093890700,Joliet
17097864516,Buffalo Grove
17097865600,Highland Park
17097865802,Highland Park
17097863201,North Chicago
17097862800,North Chicago
17097860500,Zion
17097864517,Long Grove
17097861303,Round Lake Beach
17097862501,Waukegan
17097863005,North Chicago
17097861701,Waukegan
17097860400,Beach Park
17097865502,Highland Park
17097862700,Waukegan
17097863604,Libertyville
17097864520,Buffalo Grove
17097861301,Round Lake Beach
17097864904,Deerfield
17097863004,North Chicago
17097864901,Deerfield
17097863006,North Chicago
17097860302,Zion
17097861902,Waukegan
17097862902,North Chicago
17097864510,Mundelein
17097862605,Waukegan
17097861304,Round Lake Beach
17097862502,Waukegan
17097863003,North Chicago
17097861702,Waukegan
17097865700,Highland Park
17097864001,Mundelein
17097864522,Lincolnshire
17097861105,Grayslake
17097861804,Waukegan
17097866100,Waukegan
17097865801,Highland Park
17097865300,Highland Park
17097860805,Fox Lake
17097860809,Antioch
17097864308,Barrington
17097865400,Highland Park
17097864204,Wauconda
17097861108,Grayslake
17097860301,Zion
17097862000,Waukegan
17097864512,Long Grove
17097861607,Grayslake
17097861202,Round Lake Beach
17097861011,Lake Villa
17097864521,Lincolnshire
17097862901,North Chicago
17097863202,Lake Bluff
17097864513,Vernon Hills
17097861604,Old Mill Creek
17097864205,Wauconda
17097861610,Gurnee
17097864107,Mundelein
17097864408,Lake Zurich
17097864801,Bannockburn
17097860904,Lakemoor
17097861402,Round Lake
17097861010,Lake Villa
17097864412,Deer Park
17097864515,Long Grove
17097863904,Vernon Hills
17097860808,Fox Lake
17097864511,Long Grove
17097864306,North Barrington
17097862100,Waukegan
17097863903,Libertyville
17097864002,Mundelein
17097864101,Grayslake
17097861609,Gurnee
17097860104,Winthrop Harbor
17097860200,Zion
17097860810,Antioch
17097860905,Fox Lake
17097864206,Wauconda
17097864303,Lake Barrington
17097862300,Waukegan
17097864403,Long Grove
17097861611,Gurnee
17097864402,Hawthorn Woods
17097864410,Lake Zurich
17097864505,Riverwoods
17097863801,Libertyville
17097861106,Grayslake
17097864203,Island Lake
17097860600,Beach Park
17097865200,Highwood
17097861509,Gurnee
17097861508,Gurnee
17097864602,Lake Forest
17097865000,Lake Forest
17097862200,Waukegan
17097863701,Libertyville
17097860101,Zion
17097861009,Lindenhurst
17097861014,Round Lake Beach
17097864601,Lake Forest
17097863400,Lake Forest
17097862401,Waukegan
17097862402,Waukegan
17097862603,Waukegan
17097864407,Hawthorn Woods
17097861603,Gurnee
17097861803,Waukegan
17097863300,Lake Bluff
17097864519,Buffalo Grove
17097861007,Lindenhurst
17097864700,Highland Park
17097866200,Mettawa
17097861013,Lake Villa
17097861504,Waukegan
17097864409,Lake Zurich
17097860103,Winthrop Harbor
17097861403,Round Lake
17097864802,Riverwoods
17097861008,Lindenhurst
17097861107,Grayslake
17097861201,Round Lake Beach
17097863601,Waukegan
17097864411,Deer Park
17097864518,Buffalo Grove
17097863100,North Chicago
17097861404,Round Lake Park
17097861510,Gurnee
17097861608,Gurnee
17097861901,Beach Park
17097865501,Highland Park
17097863902,Vernon Hills
17097861506,Waukegan
17097864514,Vernon Hills
17097861505,Gurnee
17097860811,Antioch
17097860903,Fox Lake
17097861507,Gurnee
17097860807,Fox Lake
17097860806,Antioch
17097866000,Wadsworth
17097864108,Mundelein
17097862604,Waukegan
17097864106,Mundelein
17097864305,Lake Barrington
17097864105,Mundelein
17097863603,Libertyville
17097861012,Lake Villa
17097864307,Barrington Hills
17097863702,Green Oaks
17097860906,Round Lake
17097863500,Lake Forest
17097864903,Deerfield
17097990000,NA
17111871107,Algonquin
17111871003,Marengo
17111871305,Cary
17111871207,Lake in the Hills
17111871109,Lake in the Hills
17111871202,Crystal Lake
17111871208,Crystal Lake
17111871404,Algonquin
17111870301,Harvard
17111871106,Lakewood
17111871205,Lake in the Hills
17111870102,Spring Grove
17111870811,Holiday Hills
17111870703,Johnsburg
17111870603,McHenry
17111870803,Bull Valley
17111870903,Woodstock
17111871201,Crystal Lake
17111871600,Cary
17111871105,Crystal Lake
17111870812,Island Lake
17111871306,Crystal Lake
17111871206,Algonquin
17111871301,Crystal Lake
17111870905,Woodstock
17111871500,Huntley
17111870606,McHenry
17111871310,Algonquin
17111871311,Algonquin
17111871004,Marengo
17111870401,Wonder Lake
17111871104,Huntley
17111870809,Prairie Grove
17111870604,Johnsburg
17111870402,Woodstock
17111870302,Harvard
17111870704,Johnsburg
17111870904,Woodstock
17111871108,Lake in the Hills
17111870807,Crystal Lake
17111870702,Lakemoor
17111871304,Cary
17111870500,Wonder Lake
17111870808,Crystal Lake
17111871209,Lake in the Hills
17111870810,Prairie Grove
17111870605,McHenry
17111870200,Harvard
17111871402,Barrington Hills
17111870902,Woodstock
17111870101,Richmond
17111871307,Cary
17197883209,Joliet
17197880105,Bolingbrook
17197883305,Channahon
17197880111,Bolingbrook
17197880503,Romeoville
17197883519,Mokena
17197880601,Lockport
17197880507,Romeoville
17197883605,University Park
17197883511,Tinley Park
17197880412,Joliet
17197883810,Crete
17197883700,Steger
17197880112,Bolingbrook
17197881111,New Lenox
17197882802,Joliet
17197883216,Shorewood
17197883903,Peotone
17197882300,Joliet
17197880116,Bolingbrook
17197881006,Homer Glen
17197880309,Naperville
17197883206,Joliet
17197881500,Joliet
17197881900,Joliet
17197883603,University Park
17197882801,Joliet
17197883208,Joliet
17197880905,Crest Hill
17197880115,Bolingbrook
17197883214,Shorewood
17197880203,Romeoville
17197882701,Joliet
17197880106,Bolingbrook
17197883303,Channahon
17197883509,Manhattan
17197880701,Lockport
17197881116,New Lenox
17197881601,Joliet
17197882702,Joliet
17197880113,Bolingbrook
17197980100,Crest Hill
17197880114,Bolingbrook
17197881800,Joliet
17197881700,Joliet
17197881011,Homer Glen
17197883804,Crete
17197883401,Wilmington
17197883904,Peotone
17197883803,Park Forest
17197884003,Braidwood
17197880505,Romeoville
17197881402,Joliet
17197880312,Naperville
17197883510,Manhattan
17197880411,Plainfield
17197881200,Joliet
17197882200,Joliet
17197880119,Naperville
17197880404,Plainfield
17197881002,Homer Glen
17197881107,New Lenox
17197881112,New Lenox
17197880202,Romeoville
17197883514,Tinley Park
17197881001,Homer Glen
17197884101,Romeoville
17197883515,Frankfort
17197880420,Joliet
17197883100,Joliet
17197881010,Lockport
17197881302,Joliet
17197882100,Joliet
17197883808,Crete
17197884006,Wilmington
17197883306,Elwood
17197883210,Joliet
17197883902,Beecher
17197880415,Joliet
17197880414,Joliet
17197880303,Naperville
17197880305,Naperville
17197980000,Wilmington
17197880118,Bolingbrook
17197881113,New Lenox
17197883806,Crete
17197881108,New Lenox
17197880314,Plainfield
17197883212,Shorewood
17197880304,Naperville
17197883516,Frankfort
17197881012,Homer Glen
17197883602,Monee
17197883507,Frankfort
17197880410,Romeoville
17197883811,Crete
17197882000,Joliet
17197883521,Mokena
17197881603,Joliet
17197882900,Rockdale
17197883505,Frankfort
17197880418,Joliet
17197882602,Joliet
17197880903,Crest Hill
17197880502,Lockport
17197883504,Frankfort
17197883215,Shorewood
17197880419,Joliet
17197884005,Wilmington
17197882601,Joliet
17197883606,University Park
17197884004,Braidwood
17197881105,New Lenox
17197883513,Mokena
17197883809,Crete
17197880204,Romeoville
17197880306,Naperville
17197882400,Joliet
17197880408,Bolingbrook
17197880421,Plainfield
17197880107,Bolingbrook
17197883517,Mokena
17197881604,Joliet
17197880416,Joliet
17197883211,Joliet
17197880313,Aurora
17197880117,Bolingbrook
17197880310,Plainfield
17197881301,Joliet
17197881115,New Lenox
17197881007,Homer Glen
17197880307,Naperville
17197884103,Crest Hill
17197881401,Joliet
17197880121,Bolingbrook
17197883307,Elwood
17197883304,Wilmington
17197881109,New Lenox
17197880602,Lockport
17197880901,Crest Hill
17197880308,Bolingbrook
17197881005,Homer Glen
17197883522,Mokena
17197880109,Bolingbrook
17197883213,Shorewood
17197880417,Plainfield
17197882500,Joliet
17197881009,Lockport
17197880702,Lockport
17197883000,Joliet
17197883402,Wilmington
17197880120,Bolingbrook
17031320101,LOOP
17031320102,LOOP
17031803613,Palatine
17031809401,Evanston
17031804513,Elgin
17031804315,Streamwood
17031804512,Elgin
17031804314,Streamwood
17031803615,Palatine
17031844600,GRAND BOULEVARD
17031844700,NORTH LAWNDALE
17031612200,NEW CITY
17031490200,ROSELAND
17031630600,GAGE PARK
17031820204,Countryside
17031820203,Willow Springs
17031804312,Hoffman Estates
17031804313,Elgin
17031829903,Country Club Hills
17031824129,Alpine
17031824128,Alpine
17031824124,Orland Hills
17031824125,Orland Hills
17031824127,Tinley Park
17031824509,Oak Forest
17031824508,Oak Forest
17031824126,Tinley Park
17031828507,Lynwood
17031828508,Lynwood
17031809402,Evanston
17031803616,Palatine
17031803614,Palatine
17031804203,South Barrington
17031806006,Niles
17031806005,Des Plaines
17031460800,SOUTH CHICAGO
17031330101,NEAR SOUTH SIDE
17031330102,NEAR SOUTH SIDE
17031380600,GRAND BOULEVARD
17031330103,NEAR SOUTH SIDE
17031804514,Bartlett
17031804316,Streamwood
17031804204,Barrington
17031829904,Tinley Park